Station,latitude,longitude,address
Abbey Road DLR,51.5325414,0.0036092,"Abbey Road, Abbey Road DLR station, Mill Meads, West Ham, London Borough of Newham, Greater London, England, E15 3NB, United Kingdom"
Abbey Wood,51.4906957,0.1112776,"Abbey Wood, Royal Borough of Greenwich, Greater London, England, SE2 9EN, United Kingdom"
Acton Central,51.5087164,-0.2628073,"Acton Central, Churchfield Road, London Borough of Ealing, Greater London, England, W3 6AY, United Kingdom"
Acton Main Line,51.5169789,-0.2679825,"Acton Main Line, Horn Lane, Park Royal, London Borough of Ealing, Greater London, England, W3 6PL, United Kingdom"
Acton Town,51.5027051,-0.2799643,"Acton Town, Bollo Lane, London Borough of Ealing, Greater London, England, W3 8QU, United Kingdom"
Aldgate,51.5142477,-0.0757186,"Aldgate, Aldgate High Street, Broadgate, Aldgate, City of London, Greater London, England, EC3N 1AH, United Kingdom"
Aldgate East,51.5156185,-0.070839,"Aldgate East, Whitechapel High Street, Spitalfields, Whitechapel, London Borough of Tower Hamlets, Greater London, England, E1 7RA, United Kingdom"
All Saints,51.5108398,-0.0130551,"All Saints, East India Dock Road, Poplar, London Borough of Tower Hamlets, Greater London, England, E14 0EF, United Kingdom"
Alperton,51.5408036,-0.3000963,"Alperton, Ealing Road, Alperton, London Borough of Brent, Greater London, England, HA0 4LL, United Kingdom"
Amersham,51.6110643,-0.0760656,"Amersham Avenue, Bull Lane, London Borough of Enfield, Greater London, England, N18 1DR, United Kingdom"
Anerley,51.4088267,-0.0611263,"Anerley, London Borough of Bromley, Greater London, England, SE20 8ER, United Kingdom"
Angel,51.5324874,-0.1060356,"Angel, Islington High Street, Angel, Islington, London Borough of Islington, Greater London, England, N1 9LQ, United Kingdom"
Archway,51.5653116,-0.1348189,"Archway, Junction Road, Archway, London Borough of Islington, Greater London, England, N19 5QT, United Kingdom"
Arnos Grove,51.6164256,-0.1330981,"Arnos Grove, Station Forecourt, New Southgate, London Borough of Enfield, Greater London, England, N11 1AN, United Kingdom"
Arsenal,51.5584284,-0.1056554,"Arsenal, Gillespie Road, Finsbury Park, London Borough of Islington, Greater London, England, N5 1LP, United Kingdom"
Baker Street,51.5225853,-0.1567431,"Baker Street, Station Approach, Marylebone Road, Marylebone, City of Westminster, Greater London, England, NW1 5LD, United Kingdom"
Balham,51.4428285,-0.1514426,"Balham, Falcon Mews, Balham, London Borough of Wandsworth, Greater London, England, SW12 9SJ, United Kingdom"
Bank,51.5131048,-0.0893749,"Bank, Mansion House Place, Broadgate, Bank, City of London, Greater London, England, EC4N 8BJ, United Kingdom"
Barbican,51.5201797,-0.0986342,"Barbican, Charterhouse Square, West Smithfield, St Paul's, City of London, Greater London, England, EC1M 6EQ, United Kingdom"
Barking,51.5402677,0.0793235,"Barking, Station Parade, Barking, Greater London, England, IG11 8TU, United Kingdom"
Barking Riverside,51.5195582,0.1160126,"Barking Riverside, Renwick Road, Barking Riverside, London Borough of Barking and Dagenham, Greater London, England, IG11 0BF, United Kingdom"
Barkingside,51.5858181,0.0886245,"Barkingside, Station Road, Barkingside, London Borough of Redbridge, Greater London, England, IG6 1NA, United Kingdom"
Barons Court,51.4903477,-0.2144055,"Barons Court, Margravine Gardens, West Kensington, London Borough of Hammersmith and Fulham, Greater London, England, W6 8RL, United Kingdom"
Battersea Power Station,51.4796154,-0.1429709,"Battersea Power Station, Battersea Park Road, Nine Elms, London Borough of Wandsworth, Greater London, England, SW8 4DS, United Kingdom"
Bayswater,51.5122764,-0.1883854,"Bayswater, Poplar Place, Bayswater, City of Westminster, Greater London, England, W2 4AF, United Kingdom"
Beckton,51.5160797,0.0594257,"Beckton, London Borough of Newham, Greater London, England, E6 5XT, United Kingdom"
Beckton Park,51.5087601,0.0549426,"Beckton Park, Royal Albert Way, Beckton, London Borough of Newham, Greater London, England, E6 5NE, United Kingdom"
Becontree,51.5403111,0.1265241,"Becontree, Gale Street, Becontree, London Borough of Barking and Dagenham, Greater London, England, RM9 4TP, United Kingdom"
Belsize Park,51.5503088,-0.1646146,"Belsize Park, Haverstock Hill, Belsize Park, London Borough of Camden, Greater London, England, NW3 2AJ, United Kingdom"
Bermondsey,51.4970125,-0.063268,"Bermondsey, London Borough of Southwark, Greater London, England, SE16 4DB, United Kingdom"
Bethnal Green,51.5303456,-0.0561633,"Bethnal Green, London Borough of Tower Hamlets, Greater London, England, E2 9RD, United Kingdom"
Bethnal Green NR,51.5303456,-0.0561633,"Bethnal Green, London Borough of Tower Hamlets, Greater London, England, E2 9RD, United Kingdom"
Blackfriars,51.5115854,-0.1037671,"Blackfriars, Blackfriars Passage, West Smithfield, Blackfriars, City of London, Greater London, England, EC4V 4DY, United Kingdom"
Blackhorse Road,51.5867174,-0.0416453,"Blackhorse Road, Forest Road, London Borough of Waltham Forest, Greater London, England, E17 6JJ, United Kingdom"
Blackwall,51.5079378,-0.0071843,"Blackwall, Aspen Way, Blackwall, London Borough of Tower Hamlets, Greater London, England, E14 9FN, United Kingdom"
Bond Street,51.5135348,-0.1470905,"Bond Street, 57-62, South Molton Street, East Marylebone, Mayfair, City of Westminster, Greater London, England, W1K 5QU, United Kingdom"
Borough,51.5011444,-0.0932926,"Borough, Borough High Street, The Borough, London Borough of Southwark, Greater London, England, SE1 1AA, United Kingdom"
Boston Manor,51.4953386,-0.3254399,"Boston Manor, Boston Vale, London Borough of Ealing, Greater London, England, W7 2AP, United Kingdom"
Bounds Green,51.607376,-0.1249047,"Bounds Green, Bounds Green Road, London Borough of Haringey, Greater London, England, N11 2EX, United Kingdom"
Bow Church,51.5274411,-0.0206424,"Bow Church, Rainhill Way, Bromley-by-Bow, Bow, London Borough of Tower Hamlets, Greater London, England, E3 3SS, United Kingdom"
Bow Road,51.5268535,-0.024789,"Bow Road, Bromley-by-Bow, Bow, London Borough of Tower Hamlets, Greater London, England, E3 4DH, United Kingdom"
Brent Cross,51.5768177,-0.2139731,"Brent Cross, Brent Court, Brent Cross, London Borough of Barnet, Greater London, England, NW11 9TU, United Kingdom"
Brentwood,51.5874061,0.211194,"Upper Brentwood Road, Gallows Corner, Gidea Park, London Borough of Havering, Greater London, England, RM2 6LD, United Kingdom"
Brixton,51.4633914,-0.1148023,"Brixton, London Borough of Lambeth, Greater London, England, SW9 8BH, United Kingdom"
Brockley,51.4578328,-0.0360868,"Brockley, London Borough of Lewisham, Greater London, England, SE4 2BE, United Kingdom"
Bromley-by-Bow,51.5246287,-0.0123189,"Bromley-by-Bow, Blackwall Tunnel Northern Approach, Bromley-by-Bow, Bow, London Borough of Tower Hamlets, Greater London, England, E3 3JJ, United Kingdom"
Brondesbury,51.5422783,-0.2125629,"Brondesbury, London Borough of Brent, Greater London, England, NW6 7BP, United Kingdom"
Brondesbury Park,51.5405138,-0.2103359,"Brondesbury Park, Brondesbury, London Borough of Brent, Greater London, England, NW6 7YE, United Kingdom"
Bruce Grove,51.5937114,-0.0700054,"Bruce Grove, Moorefield Road, Tottenham Hale, West Green, London Borough of Haringey, Greater London, England, N17 6QY, United Kingdom"
Buckhurst Hill,51.6247049,0.0312771,"High Road, Buckhurst Hill, London Borough of Redbridge, Epping Forest, Essex, England, IG9 5HP, United Kingdom"
Burnham Bucks,,,
Burnt Oak,51.6028082,-0.2640125,"Burnt Oak, Park Croft, Burnt Oak, Colindale, London Borough of Barnet, Greater London, England, HA8 0EJ, United Kingdom"
Bush Hill Park,51.641707,-0.0693944,"Bush Hill Park, Queen Anne's Place, Bush Hill Park, Southbury, London Borough of Enfield, Greater London, England, EN1 2RQ, United Kingdom"
Bushey,51.316926,-0.0856417,"Bushey Close, Kenley, London Borough of Croydon, Greater London, England, CR8 5AU, United Kingdom"
Caledonian Road,51.548482,-0.1183585,"Caledonian Road, Holloway, London Borough of Islington, Greater London, England, N7 8TD, United Kingdom"
Caledonian Road & Barnsbury,51.5435462,-0.1148864,"Caledonian Road & Barnsbury, Caledonian Road, Barnsbury, London Borough of Islington, Greater London, England, N1 1DF, United Kingdom"
Cambridge Heath,51.5319544,-0.0574215,"Cambridge Heath, Hackney Road, Bethnal Green, London Borough of Tower Hamlets, Greater London, England, E2 9EG, United Kingdom"
Camden Road,51.5419498,-0.1395276,"Camden Road, Kentish Town, London Borough of Camden, Greater London, England, NW1 9LS, United Kingdom"
Camden Town,51.5392533,-0.142757,"Camden Town, Greater London, England, NW1 8QL, United Kingdom"
Canada Water,51.4979299,-0.0498405,"Canada Water, Albatross Way, Canada Water, Rotherhithe, London Borough of Southwark, Greater London, England, SE16 7EA, United Kingdom"
Canary Wharf,51.5048954,-0.0190006,"Canary Wharf, London Borough of Tower Hamlets, Greater London, England, E14 5AB, United Kingdom"
Canary Wharf DLR,51.5051753,-0.0209283,"Canary Wharf DLR, South Colonnade, Canary Wharf, London Borough of Tower Hamlets, Greater London, England, E14 4QS, United Kingdom"
Canary Wharf EL,,,
Canning Town,51.5139887,0.0082987,"Canning Town, Silvertown Way, Canning Town, London Borough of Newham, Greater London, England, E16 1ED, United Kingdom"
Cannon Street,51.5113812,-0.0903632,"Cannon Street, Leadenhall Market, Bank, City of London, Greater London, England, EC4N 5AG, United Kingdom"
Cannon Street ,51.5113812,-0.0903632,"Cannon Street, Leadenhall Market, Bank, City of London, Greater London, England, EC4N 5AG, United Kingdom"
Canonbury,51.5435168,-0.1004036,"Canonbury, Highbury, London Borough of Islington, Greater London, England, N1 2AN, United Kingdom"
Canons Park,51.6080065,-0.2947453,"Canons Park, Donnefield Avenue, Canons Park, Stanmore, London Borough of Harrow, Greater London, England, HA8 6RJ, United Kingdom"
Carpenders Park,,,
Chadwell Heath,51.5700474,0.1297842,"Chadwell Heath, London Borough of Redbridge, Greater London, England, RM6 4AD, United Kingdom"
Chalfont & Latimer,,,
Chalk Farm,51.5441141,-0.1534811,"Chalk Farm, Haverstock Hill, Steele's Village, Primrose Hill, Chalk Farm, London Borough of Camden, Greater London, England, NW3 2DT, United Kingdom"
Chancery Lane,51.5181738,-0.1117642,"Chancery Lane, High Holborn, Hatton Garden, Holborn, London Borough of Camden, Greater London, England, WC1V 7QD, United Kingdom"
Charing Cross,51.5074975,-0.1236888,"Charing Cross, Strand, Covent Garden, Victoria, City of Westminster, Greater London, England, WC2N 5HS, United Kingdom"
Chesham,51.5476082,-0.0501085,"Chesham Arms, 15, Mehetabel Road, Hackney, London Borough of Hackney, Greater London, England, E9 6DU, United Kingdom"
Cheshunt,51.482291,0.1470511,"Cheshunt Place, 2, Cheshunt Road, Lessness Heath, London Borough of Bexley, Greater London, England, DA17 5JB, United Kingdom"
Chigwell,51.5983169,0.0372075,"Chigwell Road allotments, Woodford, London Borough of Redbridge, Greater London, England, United Kingdom"
Chingford,51.630887,0.0039962,"Chingford, London Borough of Waltham Forest, Greater London, England, E4 7BN, United Kingdom"
Chiswick Park,51.4944941,-0.2676885,"Chiswick Park, Bollo Lane, London Borough of Ealing, Greater London, England, W4 5NE, United Kingdom"
Chorleywood,51.4049805,0.0984475,"Chorleywood Crescent, Mickleham Road, Scadbury, St Paul's Cray, London Borough of Bromley, Greater London, England, BR5 2RJ, United Kingdom"
Clapham Common,51.4583791,-0.1489575,"Clapham Common, Clapham Junction, City of London, Greater London, England, SW4 9DE, United Kingdom"
Clapham High Street,51.4654853,-0.1323141,"Clapham High Street, Old Station Way, Clapham, London Borough of Lambeth, Greater London, England, SW4 6DA, United Kingdom"
Clapham Junction,51.4644589,-0.1705184,"Clapham Junction, Grant Road, York Road Estate, Clapham Junction, London Borough of Wandsworth, Greater London, England, SW11 2NU, United Kingdom"
Clapham North,51.4653034,-0.1296388,"Clapham North, Bedford Road, Stockwell, London Borough of Lambeth, Greater London, England, SW4 7TS, United Kingdom"
Clapham South,51.4528372,-0.1475523,"Clapham South, Balham Hill, Balham, London Borough of Wandsworth, Greater London, England, SW12 9DX, United Kingdom"
Clapton,51.558602,-0.0558777,"Clapton, London Borough of Hackney, Greater London, England, E5 9NP, United Kingdom"
Cockfosters,51.651366,-0.1485149,"Cockfosters, Cockfosters Road, Cockfosters, London Borough of Enfield, Greater London, England, EN4 9EB, United Kingdom"
Colindale,51.5954091,-0.2499296,"Colindale, Colindale Avenue, Colindale, London Borough of Barnet, Greater London, England, NW9 4AY, United Kingdom"
Colliers Wood,51.4182747,-0.1778626,"Colliers Wood, High Street, Collier's Wood, London Borough of Merton, Greater London, England, SW19 2BN, United Kingdom"
Covent Garden,51.5128732,-0.1225639,"Royal Opera House, Bow Street, Covent Garden, City of Westminster, Greater London, England, WC2E 9DD, United Kingdom"
Crossharbour,51.4959022,-0.0144418,"Crossharbour, Pepper Street, St John's Estate, Millwall, Isle of Dogs, London Borough of Tower Hamlets, Greater London, England, E14 9DZ, United Kingdom"
Crouch Hill,51.571431,-0.1168739,"Crouch Hill, Finsbury Park, London Borough of Islington, Greater London, England, N4 4AP, United Kingdom"
Croxley,51.529544,-0.2000379,"Croxley Road, Kensal Town, Maida Hill, City of Westminster, Greater London, England, W9 3HH, United Kingdom"
Crystal Palace,51.4193664,-0.0711328,"Crystal Palace, London Borough of Bromley, Greater London, England, SE19 2GA, United Kingdom"
Custom House DLR,,,
Custom House EL,,,
Cutty Sark,51.482933,-0.0096145,"Cutty Sark, 43, King William Walk, Greenwich Town Centre, East Greenwich, Royal Borough of Greenwich, Greater London, England, SE10 9HT, United Kingdom"
Cyprus,51.5084776,0.0639692,"Cyprus, University Roads, Cyprus, London Borough of Newham, Greater London, England, E16 2RD, United Kingdom"
Dagenham East,51.544018,0.1649496,"Dagenham East, Rainham Road South, Dagenham, London Borough of Barking and Dagenham, Greater London, England, RM10 8AH, United Kingdom"
Dagenham Heathway,51.5415534,0.1456377,"Dagenham Heathway, Heathway, Dagenham, London Borough of Barking and Dagenham, Greater London, England, RM9 5AN, United Kingdom"
Dalston Junction,51.5452841,-0.074968,"Dalston Junction, Dalston Lane, De Beauvoir Town, Dalston, London Borough of Hackney, Greater London, England, E8 3DE, United Kingdom"
Dalston Kingsland,51.5481908,-0.0760535,"Dalston Kingsland, Kingsland High Street, Dalston, London Borough of Hackney, Greater London, England, E8 2JS, United Kingdom"
Debden,51.5942275,-0.0834918,"Deden, 1-104, Gloucester Road, Broadwater Farm Estate, West Green, London Borough of Haringey, Greater London, England, N17 6LP, United Kingdom"
Denmark Hill,51.468043,-0.0896031,"Denmark Hill, Windsor Walk, Denmark Hill, Camberwell, London Borough of Southwark, Greater London, England, SE5 8BB, United Kingdom"
Deptford Bridge,51.4741638,-0.0223933,"Deptford Bridge, Royal Borough of Greenwich, Greater London, England, SE8 4HN, United Kingdom"
Devons Road,51.5222078,-0.0172729,"Devons Road, Corsican Square, Lime Quarter, Bromley-by-Bow, Poplar, London Borough of Tower Hamlets, Greater London, England, E3 3PJ, United Kingdom"
Dollis Hill,51.5519333,-0.2390026,"Dollis Hill, Chapter Road, Dudden Hill, Dollis Hill, London Borough of Brent, Greater London, England, NW2 5ND, United Kingdom"
Ealing Broadway,51.5149803,-0.3004067,"Ealing Broadway, The Broadway, London Borough of Ealing, Greater London, England, W5 2NU, United Kingdom"
Ealing Common,51.5097107,-0.2881658,"Ealing Common, Granville Gardens, London Borough of Ealing, Greater London, England, W5 3PA, United Kingdom"
Earls Court,51.484835,-0.1842186,"Royal Mail West Brompton Earls Court Delivery Office, Barker Street, Lot's Village, Brompton, Royal Borough of Kensington and Chelsea, Greater London, England, SW10 9EN, United Kingdom"
East Acton,51.5173451,-0.248137,"East Acton, Fitzneal Street, London Borough of Hammersmith and Fulham, Greater London, England, W12 0BB, United Kingdom"
East Finchley,51.5871881,-0.1648137,"East Finchley, The Causeway, Hampstead Garden Suburb, London Borough of Barnet, Greater London, England, N2 0NW, United Kingdom"
East Ham,51.5330843,0.0544661,"East Ham, Greater London, England, E6 6EU, United Kingdom"
East India,51.5093835,-0.0021873,"East India, Blackwall Way, Blackwall, London Borough of Tower Hamlets, Greater London, England, E14 9GN, United Kingdom"
East Putney,51.4586138,-0.2112429,"East Putney, Station Approach, Putney, London Borough of Wandsworth, Greater London, England, SW15 2SZ, United Kingdom"
Eastcote,51.5766614,-0.3965092,"Eastcote, Telcote Way, London Borough of Hillingdon, Greater London, England, HA4 9EP, United Kingdom"
Edgware,51.6136623,-0.2749555,"Edgware, Bakery Lane, London Borough of Barnet, Greater London, England, HA8 7YE, United Kingdom"
Edgware Road B,51.5166109,-0.1655745,"Diwan Damas, 121b, Edgware Road, Marylebone, City of Westminster, Greater London, England, W2 2HX, United Kingdom"
Edgware Road C&H,,,
Edmonton Green,51.6244998,-0.0614019,"Edmonton Green, The Broadway, Lower Edmonton, Edmonton, London Borough of Enfield, Greater London, England, N9 0TP, United Kingdom"
Elephant & Castle,51.4948884,-0.1005731,"Elephant & Castle, Elephant and Castle, London Borough of Southwark, Greater London, England, SE1 6BN, United Kingdom"
Elm Park,51.549579,0.1974303,"Elm Park, The Broadway, Elm Park, London Borough of Havering, Greater London, England, RM12 4RW, United Kingdom"
Elverson Road,51.4685232,-0.0162072,"Elverson Road, Waterlink Way, Deptford, London Borough of Lewisham, Greater London, England, SE8 4LA, United Kingdom"
Embankment,51.5072143,-0.1222409,"Embankment, Hungerford Bridge, Victoria, City of Westminster, Greater London, England, WC2N 6PA, United Kingdom"
Emerson Park,51.5686007,0.2202375,"Emerson Park, Butts Green Road, Hornchurch, London Borough of Havering, Greater London, England, RM11 2JR, United Kingdom"
Enfield Town,51.6517212,-0.0786732,"Enfield Town, Dunstan Mews, Southbury, London Borough of Enfield, Greater London, England, EN1 1FY, United Kingdom"
Epping,51.5237688,-0.260488,"Central Line: West Ruislip → Epping, Chase Road, Park Royal, London Borough of Ealing, Greater London, England, W3 6HU, United Kingdom"
Euston,51.5282865,-0.1338745,"Euston, Eversholt Street, St Pancras, London Borough of Camden, Greater London, England, NW1 2DU, United Kingdom"
Euston NR,51.5247142,-0.1388282,"Euston Road, Fitzrovia, London Borough of Camden, Greater London, England, W1T 5PE, United Kingdom"
Euston Square,51.5256866,-0.1355703,"Euston Square, Euston Underpass, Fitzrovia, London Borough of Camden, Greater London, England, NW1 2BU, United Kingdom"
Fairlop,51.5959477,0.0911302,"Fairlop, Forest Road, Barkingside, London Borough of Redbridge, Greater London, England, IG6 3HE, United Kingdom"
Farringdon,51.519964,-0.104555,"Farringdon, Cowcross Street, Farringdon, Clerkenwell, London Borough of Islington, Greater London, England, EC1M 6BY, United Kingdom"
Finchley Central,51.6020872,-0.1938872,"Finchley Central, Nether Street, Church End, London Borough of Barnet, Greater London, England, N3 1QH, United Kingdom"
Finchley Road,51.5472307,-0.1806964,"Finchley Road, Canfield Place, South Hampstead, London Borough of Camden, Greater London, England, NW6 3BT, United Kingdom"
Finchley Road & Frognal,51.5501046,-0.1835754,"Finchley Road & Frognal, Billy Fury Way, West Hampstead, London Borough of Camden, Greater London, England, NW3 6ER, United Kingdom"
Finsbury Park,51.5648345,-0.1064144,"Finsbury Park, Spiral 4 Southbound, Finsbury Park, London Borough of Islington, Greater London, England, N4 3FT, United Kingdom"
Forest Gate,51.5495236,0.0249248,"Forest Gate, London Borough of Newham, Greater London, England, E7 0NF, United Kingdom"
Forest Hill,51.439108,-0.0539538,"Forest Hill, London Borough of Lewisham, Greater London, England, SE23 3HE, United Kingdom"
Fulham Broadway,51.4808834,-0.1943493,"Fulham Broadway, 470, Fulham Road, Walham Green, Fulham, London Borough of Hammersmith and Fulham, Greater London, England, SW6 1AF, United Kingdom"
Gallions Reach,51.5089622,0.0717937,"Gallions Reach, Atlantis Avenue, Gallions Reach, London Borough of Newham, Greater London, England, E16 2AJ, United Kingdom"
Gants Hill,51.576525,0.0648799,"Gants Hill, Eastern Avenue, Gants Hill, London Borough of Redbridge, Greater London, England, IG2 6FD, United Kingdom"
Gidea Park,51.5811818,0.2059524,"Gidea Park, London Borough of Havering, Greater London, England, RM2 6BT, United Kingdom"
Gloucester Road,51.4945266,-0.1837696,"Gloucester Road, 27, Cromwell Road, South Kensington, Royal Borough of Kensington and Chelsea, Greater London, England, SW7 4ER, United Kingdom"
Golders Green,51.5718577,-0.1954797,"Golders Green, London Borough of Barnet, Greater London, England, NW11 8LH, United Kingdom"
Goldhawk Road,51.5017564,-0.2265662,"Goldhawk Road, Shepherd's Bush, London Borough of Hammersmith and Fulham, Greater London, England, W12 8EG, United Kingdom"
Goodge Street,51.5205978,-0.1343573,"Goodge Street, Tottenham Court Road, Fitzrovia, London Borough of Camden, Greater London, England, W1T 2HF, United Kingdom"
Goodmayes,51.565803,0.1119305,"Goodmayes, Goodmayes Road, Goodmayes, Seven Kings, Ilford, Greater London, England, IG3 9UH, United Kingdom"
Gospel Oak,51.5554865,-0.151577,"Gospel Oak, Landing, Maitland Park, Gospel Oak, London Borough of Camden, Greater London, England, NW3 2JD, United Kingdom"
Grange Hill,51.613134,0.0925025,"Grange Hill, Manor Road, Chigwell, London Borough of Redbridge, Epping Forest, Essex, England, IG7 4FB, United Kingdom"
Great Portland Street,51.5238146,-0.1437048,"Great Portland Street, Euston Road, East Marylebone, Marylebone, City of Westminster, Greater London, England, W1W 5PP, United Kingdom"
Green Park,51.5066244,-0.1429437,"Green Park, Piccadilly, St. James's, Mayfair, City of Westminster, Greater London, England, W1J 8HY, United Kingdom"
Greenford,51.5421177,-0.3447996,"Greenford, Oldfield Lane North, London Borough of Ealing, Greater London, England, UB6 8PX, United Kingdom"
Greenwich,51.4820845,-0.0045417,"Greenwich, Greater London, England, SE10 9HF, United Kingdom"
Gunnersbury,51.4913757,-0.2755244,"Gunnersbury, Gunnersbury Mews, Strand-on-the-Green, London Borough of Hounslow, Greater London, England, W4 4BF, United Kingdom"
Hackney Central,51.5470605,-0.0568749,"Hackney Central, Amhurst Road, Hackney, London Borough of Hackney, Greater London, England, E8 1LL, United Kingdom"
Hackney Downs,51.5486455,-0.060686,"Hackney Downs, Dalston Lane, Lower Clapton, Shacklewell, London Borough of Hackney, Greater London, England, E8 1LA, United Kingdom"
Hackney Wick,51.5434383,-0.0241542,"Hackney Wick, White Post Lane, Bow, London Borough of Tower Hamlets, Greater London, England, E9 5XA, United Kingdom"
Haggerston,51.5386574,-0.0755835,"Haggerston, Lee Street, De Beauvoir Town, Haggerston, London Borough of Hackney, Greater London, England, E8 4DY, United Kingdom"
Hainault,51.6033138,0.0933827,"Hainault, Davids Way, Hainault, London Borough of Redbridge, Greater London, England, IG6 3BQ, United Kingdom"
Hammersmith C&H,,,
Hammersmith D&P,,,
Hampstead,51.55653,-0.1783011,"Hampstead, Greater London, England, NW3 1QG, United Kingdom"
Hampstead Heath,51.5552396,-0.1653912,"Hampstead Heath, St. Crispin's Close, South End Green, Belsize Park, London Borough of Camden, Greater London, England, NW3 2RB, United Kingdom"
Hanger Lane,51.5303098,-0.2936453,"Hanger Lane, Western Avenue, Park Royal, London Borough of Ealing, Greater London, England, W5 1DL, United Kingdom"
Hanwell,51.5089838,-0.3381584,"Hanwell, London Borough of Ealing, Greater London, England, W7 3SP, United Kingdom"
Harlesden,51.5363567,-0.257833,"Harlesden, Acton Lane, Harlesden, London Borough of Brent, Greater London, England, NW10 7AA, United Kingdom"
Harold Wood,51.5936326,0.2310497,"Harold Wood, London Borough of Havering, Greater London, England, RM3 0LP, United Kingdom"
Harringay Green Lanes,51.5772398,-0.097888,"Harringay Green Lanes, Portland Gardens, The Gardens, Harringay, London Borough of Haringey, Greater London, England, N4 1HT, United Kingdom"
Harrow & Wealdstone,51.5922178,-0.3348748,"Harrow & Wealdstone, Sandridge Close, Wealdstone, London Borough of Harrow, Greater London, England, HA1 1XZ, United Kingdom"
Harrow-on-the-Hill,51.5792702,-0.3366561,"Harrow-on-the-Hill, Station Approach, Greenhill, London Borough of Harrow, Greater London, England, HA1 1BB, United Kingdom"
Hatch End,51.6095781,-0.3687836,"Hatch End, Cherry Croft Gardens, Hatch End, London Borough of Harrow, Greater London, England, HA5 4JU, United Kingdom"
Hatton Cross,51.4664837,-0.4236954,"Hatton Cross, Great South West Road, Hatton Cross, London Borough of Hillingdon, Greater London, England, TW6 3RE, United Kingdom"
Hayes & Harlington,51.5029209,-0.417267,"Hayes & Harlington, Cranton Avenue, Hayes Village, Hayes, London Borough of Hillingdon, Greater London, England, UB3 4QF, United Kingdom"
Headstone Lane,51.6025533,-0.3569524,"Headstone Lane, Harrow Weald, London Borough of Harrow, Greater London, England, HA2 6NE, United Kingdom"
Heathrow T2&3 TfL Rail/HEx,,,
Heathrow T4 TfL Rail/HEx,,,
Heathrow T5 TfL Rail/HEx,,,
Heathrow Terminal 4,51.4588093,-0.4454717,"Heathrow Terminal 4, Seven Seas Road, London Borough of Hillingdon, Greater London, England, TW6 3YD, United Kingdom"
Heathrow Terminal 5,51.472515,-0.4877331,"Heathrow Terminal 5, Wallis Road, London Borough of Hillingdon, Greater London, England, TW6 2GA, United Kingdom"
Heathrow Terminals 2&3,51.4719282,-0.4543118,"Heathrow Terminals 2 & 3, Chester Road, London Borough of Hillingdon, Greater London, England, TW6 1RU, United Kingdom"
Hendon Central,51.5828243,-0.227022,"Hendon Central, London Borough of Barnet, Greater London, England, NW4 3AB, United Kingdom"
Heron Quays,51.5029301,-0.0215033,"Heron Quays, Heron Walk, Canary Wharf, London Borough of Tower Hamlets, Greater London, England, E14 5JP, United Kingdom"
High Barnet,51.65309,-0.2002261,"Chipping Barnet, Greater London, England, EN5 5SB, United Kingdom"
High Street Kensington,51.5002995,-0.1921096,"High Street Kensington, Wrights Lane, Kensington, Royal Borough of Kensington and Chelsea, Greater London, England, W8 5SW, United Kingdom"
Highams Park,51.6080662,-0.0007533,"Highams Park, London Borough of Waltham Forest, Greater London, England, E4 9EF, United Kingdom"
Highbury & Islington,51.5463679,-0.1036544,"Highbury & Islington, Holloway Road, Canonbury, Highbury, London Borough of Islington, Greater London, England, N5 1RA, United Kingdom"
Highgate,51.5706446,-0.1492397,"Highgate, London Borough of Camden, Greater London, England, N6 6BA, United Kingdom"
Hillingdon,51.5425193,-0.4483349,"London Borough of Hillingdon, Greater London, England, United Kingdom"
Holborn,51.5195982,-0.1137266,"Holborn, London Borough of Camden, Greater London, England, WC1R 5AH, United Kingdom"
Holland Park,51.5072349,-0.2054071,"Holland Park, Holland Park Avenue, Notting Hill, Royal Borough of Kensington and Chelsea, Greater London, England, W11 3RB, United Kingdom"
Holloway Road,51.5528674,-0.1130095,"Holloway Road, Lower Holloway, Holloway, London Borough of Islington, Greater London, England, N7 8HS, United Kingdom"
Homerton,51.5470789,-0.043121,"Homerton, Sedgwick Street, Homerton, London Borough of Hackney, Greater London, England, E9 6AB, United Kingdom"
Honor Oak Park,51.4504605,-0.0450199,"Honor Oak Park, Grierson Road, Crofton Park, Honor Oak, London Borough of Lewisham, Greater London, England, SE23 1PE, United Kingdom"
Hornchurch,51.5617734,0.2207441,"Hornchurch, London Borough of Havering, Greater London, England, RM12 6AF, United Kingdom"
Hounslow Central,51.471307,-0.3662332,"Hounslow Central, Concorde Close, Osterley, London Borough of Hounslow, Greater London, England, TW3 4DG, United Kingdom"
Hounslow East,51.4734727,-0.3558944,"Hounslow East, Stirling Grove, Osterley, London Borough of Hounslow, Greater London, England, TW3 1QG, United Kingdom"
Hounslow West,51.4735822,-0.3858181,"Hounslow West, Ambassador Close, Vicarage Farm, Hounslow West, London Borough of Hounslow, Greater London, England, TW3 3DW, United Kingdom"
Hoxton,51.5323935,-0.086078,"Hoxton, London Borough of Hackney, Greater London, England, N1 6TJ, United Kingdom"
Hyde Park Corner,51.5027264,-0.1543249,"Hyde Park Corner, A4, Belgravia, City of Westminster, Greater London, England, SW1X 7LY, United Kingdom"
Ickenham,51.5615698,-0.4423513,"Ickenham, Glebe Avenue, Ickenham, London Borough of Hillingdon, Greater London, England, UB10 8RE, United Kingdom"
Ilford,51.5582734,0.0711669,"Ilford, Greater London, England, IG1 1DL, United Kingdom"
Imperial Wharf,51.475103,-0.1829268,"Imperial Wharf, Harbour Avenue, Sands End, London Borough of Hammersmith and Fulham, Greater London, England, SW10 0XE, United Kingdom"
Island Gardens,51.4880683,-0.0105052,"Island Gardens, Manchester Road, Cubitt Town, Isle of Dogs, London Borough of Tower Hamlets, Greater London, England, E14 3FA, United Kingdom"
Iver,51.5296336,-0.4837153,"Iver Lane, Cowley, London Borough of Hillingdon, Greater London, England, UB8 2JD, United Kingdom"
Kennington,51.4882861,-0.1058829,"Kennington, Braganza Street, Elephant and Castle, London Borough of Southwark, Greater London, England, SE11 4JS, United Kingdom"
Kensal Green,51.5306063,-0.2244449,"Kensal Green, College Road, Brondesbury, London Borough of Brent, Greater London, England, NW10 5JT, United Kingdom"
Kensal Rise,51.5344634,-0.2200978,"Kensal Rise, Station Terrace, Brondesbury Park, Brondesbury, London Borough of Brent, Greater London, England, NW10 5RU, United Kingdom"
Kensington Olympia,51.497437,-0.2094954,"Kensington (Olympia), Olympia Way, West Kensington, London Borough of Hammersmith and Fulham, Greater London, England, W14 0NE, United Kingdom"
Kentish Town,51.5500554,-0.1425712,"Kentish Town, London Borough of Camden, Greater London, England, NW5 3AE, United Kingdom"
Kentish Town West,51.5469937,-0.1467554,"Kentish Town West, Prince of Wales Road, Maitland Park, Kentish Town, London Borough of Camden, Greater London, England, NW5 3LR, United Kingdom"
Kenton,51.5815255,-0.3166378,"Kenton, Nash Court, London Borough of Brent, Greater London, England, HA3 0ST, United Kingdom"
Kew Gardens,51.4781975,-0.2968861,"Royal Botanic Gardens, Kew, Sandycombe Road, Kew, London Borough of Richmond upon Thames, Greater London, England, TW9 2EN, United Kingdom"
Kilburn,51.541882,-0.1979358,"Kilburn, London Borough of Camden, Greater London, England, NW6 4JL, United Kingdom"
Kilburn High Road,51.5377475,-0.1913533,"Kilburn High Road, Belsize Road, South Hampstead, London Borough of Camden, Greater London, England, NW6 4DE, United Kingdom"
Kilburn Park,51.5350704,-0.1943721,"Kilburn Park, Alpha Place, Queen's Park, London Borough of Brent, Greater London, England, NW6 5AD, United Kingdom"
King George V,51.502006,0.0623526,"King George V, Hartmann Road, North Woolwich, London Borough of Newham, Greater London, England, E16 2LR, United Kingdom"
Kings Cross St Pancras,51.530609,-0.1239491,"King's Cross St Pancras, Pancras Road, King's Cross, London Borough of Camden, Greater London, England, N1C 4BS, United Kingdom"
Kingsbury,51.5843174,-0.2787137,"Kingsbury, Kingsbury Road, Kingsbury, London Borough of Brent, Greater London, England, NW9 9HF, United Kingdom"
Knightsbridge,51.5008444,-0.166965,"Knightsbridge, City of Westminster, Greater London, England, SW7 1BW, United Kingdom"
Ladbroke Grove,51.5172639,-0.2111019,"Ladbroke Grove, Westway, Westbourne Green, Bayswater, Royal Borough of Kensington and Chelsea, Greater London, England, W10 5JJ, United Kingdom"
Lambeth North,51.4989328,-0.1120142,"Lambeth North, Baylis Road, South Bank, Waterloo, London Borough of Lambeth, Greater London, England, SE1 7FN, United Kingdom"
Lancaster Gate,51.5118458,-0.175108,"Lancaster Gate, Lancaster Terrace, Paddington, City of Westminster, Greater London, England, W2 2TY, United Kingdom"
Langdon Park,51.5152051,-0.0141164,"Langdon Park, Radial Avenue, Telford Homes - Carmen Street, Poplar, London Borough of Tower Hamlets, Greater London, England, E14 6UB, United Kingdom"
Langley Berks,51.4999475,-0.563996,"Langley Fire Station, London Road, Langley, Slough, England, SL3 7SQ, United Kingdom"
Latimer Road,51.5134749,-0.2177873,"Latimer Road, Bramley Road, Silchester Estate, North Kensington, Royal Borough of Kensington and Chelsea, Greater London, England, W10 6SZ, United Kingdom"
Leicester Square,51.5114642,-0.1282641,"Leicester Square, Cranbourn Street, Covent Garden, Mayfair, City of Westminster, Greater London, England, WC2H 7AD, United Kingdom"
Lewisham DLR,51.4649887,-0.0130109,"Lewisham DLR, Station Road, Ladywell, London Borough of Lewisham, Greater London, England, SE13 5FL, United Kingdom"
Leyton,51.5696734,-0.015681,"Leyton, London Borough of Waltham Forest, Greater London, England, E10 5DU, United Kingdom"
Leyton Midland Road,51.5694492,-0.0070762,"Leyton Midland Road, Midland Road, Leyton, London Borough of Waltham Forest, Greater London, England, E10 6JT, United Kingdom"
Leytonstone,51.5683955,0.0111704,"Leytonstone, London Borough of Waltham Forest, Greater London, England, E11 3AA, United Kingdom"
Leytonstone High Road,51.5635285,0.0085412,"Leytonstone High Road, Trinity Close, Leytonstone, London Borough of Waltham Forest, Greater London, England, E11 4RE, United Kingdom"
Limehouse DLR,51.5093047,-0.0259009,"Westferry DLR, West India Dock Road, Canary Wharf, London Borough of Tower Hamlets, Greater London, England, E14 8SE, United Kingdom"
Liverpool St NR,51.5177164,-0.0836855,"Liverpool Street, Broadgate, Bishopsgate, City of London, Greater London, England, EC2M 2AT, United Kingdom"
Liverpool Street,51.5182105,-0.0814269,"London Liverpool Street, Great Eastern Walkway, Broadgate, Bank, City of London, Greater London, England, EC2M 3XU, United Kingdom"
London Bridge,51.508049,-0.0876715,"London Bridge, Borough Market, Bermondsey Village, The Borough, London Borough of Southwark, Greater London, England, SE1 2PF, United Kingdom"
London City Airport,51.5042655,0.0549024,"London City Airport, Wray Avenue, Silvertown, London Borough of Newham, Greater London, England, E16 2ZQ, United Kingdom"
London Fields,51.5410518,-0.0577737,"London Fields, Martello Terrace, Hackney, London Borough of Hackney, Greater London, England, E8 3PH, United Kingdom"
Loughton,51.4668087,0.1468586,"Loughton, 1, Ambleside Road, Barnehurst, London Borough of Bexley, Greater London, England, DA7 5DS, United Kingdom"
Maida Vale,51.527592,-0.1905916,"Maida Vale, City of Westminster, Greater London, England, W9 1EU, United Kingdom"
Maidenhead,50.9747352,-0.1973098,"Maidenhead Aquatics, London Road, Twineham, Hickstead, Mid Sussex, West Sussex, England, RH17 5LZ, United Kingdom"
Manor House,51.5703208,-0.0963971,"Manor House, Seven Sisters Road, Manor House, Stoke Newington, London Borough of Hackney, Greater London, England, N4 2EP, United Kingdom"
Manor Park,51.5506867,0.0476391,"Manor Park, London Borough of Newham, Greater London, England, E12 6QN, United Kingdom"
Mansion House,51.5118924,-0.0952228,"Mansion House, Huggin Hill, St Paul's, City of London, Greater London, England, EC4V 2AD, United Kingdom"
Marble Arch,51.5131841,-0.1589053,"Marble Arch, Marylebone, City of Westminster, Greater London, England, W1C 1LZ, United Kingdom"
Maryland,51.5460606,0.0059594,"Maryland, Leytonstone Road, Stratford New Town, Maryland, London Borough of Newham, Greater London, England, E15 1EQ, United Kingdom"
Marylebone,51.5196374,-0.1519627,"Marylebone, City of Westminster, Greater London, England, W1U 4RQ, United Kingdom"
Mile End,51.5253378,-0.033435,"Mile End, Mile End Road, Mile End, London Borough of Tower Hamlets, Greater London, England, E3 4PH, United Kingdom"
Mill Hill East,51.6082746,-0.2101451,"Mill Hill East, Brittacy Hill, West Finchley, London Borough of Barnet, Greater London, England, NW7 1HY, United Kingdom"
Monument,51.5106328,-0.0861271,"Monument, Eastcheap, Monument, City of London, Greater London, England, EC4R 9AA, United Kingdom"
Moor Park,53.8111368,-1.561102,"Woodhouse Moor Park, Hyde Park, Leeds, West Yorkshire, England, United Kingdom"
Moorgate,51.5182516,-0.0890625,"Moorgate, Moorfields, Leadenhall Market, Moorgate, City of London, Greater London, England, EC2Y 9AG, United Kingdom"
Morden,51.4027615,-0.1947552,"Morden, London Road, Morden, London Borough of Merton, Greater London, England, SM4 5HT, United Kingdom"
Mornington Crescent,51.5340608,-0.1380918,"Mornington Crescent, Eversholt Street, Fitzrovia, London Borough of Camden, Greater London, England, NW1 1BA, United Kingdom"
Mudchute,51.4915188,-0.0149135,"Mudchute, East Ferry Road, Cubitt Town, Isle of Dogs, London Borough of Tower Hamlets, Greater London, England, E14 9UW, United Kingdom"
Neasden,51.5543358,-0.250749,"Neasden, Neasden Close, Dudden Hill, London Borough of Brent, Greater London, England, NW10 1PJ, United Kingdom"
New Cross,51.4763706,-0.0326237,"New Cross, New Cross Road, New Cross, London Borough of Lewisham, Greater London, England, SE14 6TY, United Kingdom"
New Cross Gate,51.4752983,-0.0404289,"New Cross Gate, New Cross Road, New Cross Gate, London Borough of Lewisham, Greater London, England, SE14 5PL, United Kingdom"
Newbury Park,51.5754985,0.0899693,"Newbury Park, Eastern Avenue, Newbury Park, London Borough of Redbridge, Greater London, England, IG2 7RN, United Kingdom"
Nine Elms,51.4801837,-0.1296937,"Nine Elms, Pascal Square, Vauxhall, London Borough of Lambeth, Greater London, England, SW8 5NX, United Kingdom"
North Acton,51.5235769,-0.2597818,"North Acton, Victoria Road, Park Royal, London Borough of Ealing, Greater London, England, W3 6UP, United Kingdom"
North Ealing,51.5174885,-0.2887523,"North Ealing, Queens Drive, Hanger Hill Garden Estate, Park Royal, London Borough of Ealing, Greater London, England, W3 0HR, United Kingdom"
North Greenwich,51.500574,0.0043201,"North Greenwich, Peninsula Square, Greenwich Peninsula, Royal Borough of Greenwich, Greater London, England, SE10 0EN, United Kingdom"
North Harrow,51.5851618,-0.3631762,"North Harrow, Northumberland Road, Rayners Lane, London Borough of Harrow, Greater London, England, HA2 7RD, United Kingdom"
North Wembley,51.5624017,-0.3038698,"North Wembley, East Lane, Sudbury, London Borough of Brent, Greater London, England, HA9 7NT, United Kingdom"
Northfields,51.4996647,-0.312979,"Northfields, Bramley Road, London Borough of Ealing, Greater London, England, W5 4ST, United Kingdom"
Northolt,51.5484582,-0.3695247,"Northolt, Mandeville Road, Northolt, Greater London, England, UB5 4AA, United Kingdom"
Northwick Park,51.578491,-0.3176997,"Northwick Park, Northwick Avenue, London Borough of Brent, Greater London, England, HA3 0AT, United Kingdom"
Northwood,51.6051713,-0.4205812,"Northwood, London Borough of Hillingdon, Greater London, England, HA6 1HF, United Kingdom"
Northwood Hills,51.6001534,-0.4084575,"Northwood Hills, Ferndown, Northwood, London Borough of Hillingdon, Greater London, England, HA6 1PH, United Kingdom"
Norwood Junction,51.3971695,-0.0746988,"Norwood Junction, Foot Path 661, South Norwood, London Borough of Croydon, Greater London, England, SE25 5AG, United Kingdom"
Notting Hill Gate,51.5089252,-0.1961978,"Notting Hill Gate, Notting Hill, Royal Borough of Kensington and Chelsea, Greater London, England, W2 4EN, United Kingdom"
Oakwood,51.6473302,-0.1312548,"Oakwood, Bramley Road, Cockfosters, London Borough of Enfield, Greater London, England, N14 4TN, United Kingdom"
Old Street,51.5256284,-0.0876094,"Old Street, Finsbury, London Borough of Islington, Greater London, England, EC1Y 8AF, United Kingdom"
Osterley,51.4815507,-0.3518348,"Osterley, Great West Road, Osterley, London Borough of Hounslow, Greater London, England, TW7 4PU, United Kingdom"
Oval,51.4818339,-0.1123953,"Oval, Kennington Park Road, Oval, London Borough of Lambeth, Greater London, England, SE11 4PW, United Kingdom"
Oxford Circus,51.5153611,-0.1407785,"Oxford Circus, Oxford Street, East Marylebone, Mayfair, City of Westminster, Greater London, England, W1D 2LS, United Kingdom"
Paddington,51.5161629,-0.1744856,"Paddington, City of Westminster, Greater London, England, W2 1HU, United Kingdom"
Paddington EL,,,
Park Royal,51.5264341,-0.2839348,"Park Royal, Masons Green Lane, Park Royal, London Borough of Ealing, Greater London, England, W5 3HA, United Kingdom"
Parsons Green,51.4750837,-0.201549,"Parsons Green, Beaconsfield Alleyway, Parson's Green, Fulham, London Borough of Hammersmith and Fulham, Greater London, England, SW6 4HF, United Kingdom"
Peckham Rye,51.4700059,-0.0694125,"Peckham Rye, Holly Grove, Clifton Estate, Peckham, London Borough of Southwark, Greater London, England, SE15 5DQ, United Kingdom"
Penge West,51.4175031,-0.060661,"Penge West, Anerley Park, Anerley, London Borough of Bromley, Greater London, England, SE20 8NY, United Kingdom"
Perivale,51.5364952,-0.3225887,"Perivale, Chilham Close, Perivale, London Borough of Ealing, Greater London, England, UB6 8AE, United Kingdom"
Piccadilly Circus,51.5101383,-0.133936,"Piccadilly Circus, St. James's, Mayfair, City of Westminster, Greater London, England, W1J 9HS, United Kingdom"
Pimlico,51.4889993,-0.1398817,"Pimlico, City of Westminster, Greater London, England, SW1V 4BX, United Kingdom"
Pinner,51.5968712,-0.3770142,"Pinner, London Borough of Harrow, Greater London, England, HA5 3AW, United Kingdom"
Plaistow,51.5311544,0.0166833,"Plaistow, Hartsworth Close, Plaistow, London Borough of Newham, Greater London, England, E13 0TD, United Kingdom"
Pontoon Dock DLR,,,
Poplar,51.5110713,-0.0144629,"Poplar, London Borough of Tower Hamlets, Greater London, England, E14 6BP, United Kingdom"
Preston Road,51.5722732,-0.2958081,"Preston Road, Preston Waye, Preston, London Borough of Brent, Greater London, England, HA3 0QG, United Kingdom"
Prince Regent,51.5094778,0.0331521,"Prince Regent, Sandstone Lane, Custom House, Silvertown, London Borough of Newham, Greater London, England, E16 1FR, United Kingdom"
Pudding Mill Lane,51.5338301,-0.0135365,"Pudding Mill Lane, Barbers Road, Mill Meads, Stratford, London Borough of Newham, Greater London, England, E15 2PH, United Kingdom"
Putney Bridge,51.4682995,-0.2087947,"Putney Bridge, The Arches, Hurlingham, Fulham, London Borough of Hammersmith and Fulham, Greater London, England, SW6 4RR, United Kingdom"
Queens Park,51.5360591,-0.2112431,"Queens Park, Brondesbury, London Borough of Brent, Greater London, England, NW6 6SG, United Kingdom"
Queens Rd Peckham,51.4741117,-0.0570532,"Queens Road Peckham, Station Passage, Cossall Estate, Peckham, London Borough of Southwark, Greater London, England, SE15 2JR, United Kingdom"
Queensbury,51.5941903,-0.286181,"Queensbury, Cumberland Road, London Borough of Brent, Greater London, England, NW9 9EB, United Kingdom"
Queensway,51.5104729,-0.1872329,"Queensway, 129, Bayswater Road, Bayswater, City of Westminster, Greater London, England, W2 4RH, United Kingdom"
Ravenscourt Park,51.4941293,-0.2357932,"Ravenscourt Park, Ravenscourt Place, Hammersmith, London Borough of Hammersmith and Fulham, Greater London, England, W6 0UQ, United Kingdom"
Rayners Lane,51.5767143,-0.3703002,"Rayners Lane, London Borough of Harrow, Greater London, England, HA2 7HA, United Kingdom"
Reading,51.5338494,-0.2261117,"The Reading Rooms, Bathurst Gardens, Brondesbury Park, Brondesbury, London Borough of Brent, Greater London, England, NW10 5ES, United Kingdom"
Rectory Road,51.559112,-0.068617,"Rectory Road, Nile Close, West Hackney, London Borough of Hackney, Greater London, England, N16 7SJ, United Kingdom"
Redbridge,51.5763203,0.0454097,"Redbridge, Eastern Avenue, Redbridge, London Borough of Redbridge, Greater London, England, IG4 5DQ, United Kingdom"
Regents Park,51.5329736,-0.1645336,"Gorilla Circus Regents Park Flying Trapeze School, St. John's Wood, City of London, Greater London, England, NW1 4RT, United Kingdom"
Richmond,51.4405529,-0.3076394,"London Borough of Richmond upon Thames, Greater London, England, United Kingdom"
Rickmansworth,51.6047931,-0.4991431,"Rickmansworth Sailing Club, Jacks Lane, West Harefield, Greater London, England, WD3 9YB, United Kingdom"
Roding Valley,51.6170812,0.0437553,"Roding Valley, Station Approach, Monkhams, London Borough of Redbridge, Greater London, England, IG9 6EY, United Kingdom"
Romford,51.5760462,0.1822646,"Romford, Greater London, England, RM1 1RX, United Kingdom"
Rotherhithe,51.5002908,-0.0436321,"Rotherhithe, London Borough of Southwark, Greater London, England, SE16 6AU, United Kingdom"
Royal Albert,51.5083952,0.0458839,"Royal Albert, Dockside Road, Silvertown, London Borough of Newham, Greater London, England, E16 2QU, United Kingdom"
Royal Oak,51.5190222,-0.1874439,"Royal Oak, Lord Hill's Bridge, Westbourne Green, Bayswater, City of Westminster, Greater London, England, W2 6ET, United Kingdom"
Royal Victoria,51.5091026,0.0175953,"Royal Victoria, Seagull Lane, Custom House, Canning Town, London Borough of Newham, Greater London, England, E16 1DE, United Kingdom"
Ruislip,51.5775626,-0.4278453,"Ruislip, Greater London, England, HA4 8BD, United Kingdom"
Ruislip Gardens,51.5606573,-0.4104614,"Ruislip Gardens, Carmichael Close, London Borough of Hillingdon, Greater London, England, HA4 6LG, United Kingdom"
Ruislip Manor,51.5714827,-0.4114022,"Ruislip Manor, London Borough of Hillingdon, Greater London, England, United Kingdom"
Russell Square,51.5230529,-0.1242529,"Russell Square, Colonnade, Bloomsbury, London Borough of Camden, Greater London, England, WC1N 1JL, United Kingdom"
Seven Kings,51.5646258,0.0986148,"Seven Kings, London Borough of Redbridge, Greater London, England, IG3 8RG, United Kingdom"
Seven Sisters,51.5817795,-0.0739615,"Seven Sisters, South Tottenham, West Green, London Borough of Haringey, Greater London, England, N15 5PF, United Kingdom"
Shadwell DLR,,,
Shadwell LO,51.5094102,-0.0515703,"Shadwell, London Borough of Tower Hamlets, Greater London, England, E1W 3DJ, United Kingdom"
Shenfield,51.4741581,0.0409218,"Shenfield House, Portway Gardens, Charlton, Royal Borough of Greenwich, Greater London, England, SE18 4PG, United Kingdom"
Shepherds Bush,51.5040544,-0.2247685,"Dorsett Shepherds Bush London, 58, Shepherds Bush Green, Shepherd's Bush, London Borough of Hammersmith and Fulham, Greater London, England, W12 8QE, United Kingdom"
Shepherds Bush LO,51.4968389,-0.2238166,"Shepherds Bush Road, Hammersmith, London Borough of Hammersmith and Fulham, Greater London, England, W6 7NL, United Kingdom"
Shepherds Bush Market,,,
Shoreditch High Street,51.5232534,-0.0744674,"Shoreditch High Street, Sclater Street, Spitalfields, Whitechapel, London Borough of Tower Hamlets, Greater London, England, E1 6GX, United Kingdom"
Silver Street,51.6152781,-0.0669005,"Silver Street, Sterling Way, Upper Edmonton, Edmonton, London Borough of Enfield, Greater London, England, N18 2UE, United Kingdom"
Sloane Square,51.4921443,-0.1555588,"Sloane Square, Skinner Place, Belgravia, Royal Borough of Kensington and Chelsea, Greater London, England, SW1W 8HQ, United Kingdom"
Slough,51.5844186,-0.2669913,"Slough Lane, Kingsbury Road, Kingsbury, London Borough of Brent, Greater London, England, NW9 9PA, United Kingdom"
Snaresbrook,51.5808033,0.0215864,"Snaresbrook, Station Approach, Snaresbrook, London Borough of Redbridge, Greater London, England, E11 1QE, United Kingdom"
South Acton,51.4997225,-0.2698979,"South Acton, Kingswood Terrace, London Borough of Ealing, Greater London, England, W4 5BN, United Kingdom"
South Ealing,51.5008623,-0.3076815,"South Ealing, Airedale Road, London Borough of Ealing, Greater London, England, W5 4SD, United Kingdom"
South Hampstead,51.5414337,-0.1788007,"South Hampstead, Hilgrove Road, Swiss Cottage, South Hampstead, London Borough of Camden, Greater London, England, NW6 4RY, United Kingdom"
South Harrow,51.5646517,-0.3522211,"South Harrow, Northolt Road, South Harrow, Rayners Lane, London Borough of Harrow, Greater London, England, HA2 0EX, United Kingdom"
South Kensington,51.4955817,-0.1831368,"South Kensington, Royal Borough of Kensington and Chelsea, Greater London, England, SW7 4PH, United Kingdom"
South Kenton,51.5703076,-0.3085107,"South Kenton, Windermere Grove, North Wembley, Preston, London Borough of Brent, Greater London, England, HA9 8FL, United Kingdom"
South Quay,51.5000357,-0.0162525,"South Quay, Marsh Wall, St John's Estate, Isle of Dogs, London Borough of Tower Hamlets, Greater London, England, E14 9HN, United Kingdom"
South Ruislip,51.5569909,-0.3990635,"South Ruislip, Station Approach, Ruislip, Greater London, England, HA4 6TP, United Kingdom"
South Tottenham,51.5804433,-0.0717169,"South Tottenham, Crowland Road, Seven Sisters, South Tottenham, West Green, London Borough of Haringey, Greater London, England, N15 6UT, United Kingdom"
South Wimbledon,51.4151759,-0.1926457,"South Wimbledon, Morden Road, South Wimbledon, Merton, London Borough of Merton, Greater London, England, SW19 3BH, United Kingdom"
South Woodford,51.5917798,0.0274276,"South Woodford, Station Approach, South Woodford, London Borough of Redbridge, Greater London, England, E18 1AR, United Kingdom"
Southall,51.5111461,-0.3755169,"Southall, Greater London, England, UB1 1PS, United Kingdom"
Southbury,51.6480314,-0.0526302,"Southbury, Poppy Drive, Southbury, London Borough of Enfield, Greater London, England, EN3 4FF, United Kingdom"
Southfields,51.4457751,-0.2066142,"Southfields, Crowthorne Close, Southfields, London Borough of Wandsworth, Greater London, England, SW18 5RX, United Kingdom"
Southgate,51.6323183,-0.1277858,"Southgate, Southgate Circus, Southgate, London Borough of Enfield, Greater London, England, N14 5BH, United Kingdom"
Southwark,51.4652546,-0.0690186,"London Borough of Southwark, Greater London, England, United Kingdom"
St James Street,51.5811716,-0.0322047,"St James Street, Courtenay Mews, Leyton, London Borough of Waltham Forest, Greater London, England, E17 7PP, United Kingdom"
St James's Park,51.4992816,-0.1345942,"St. James's Park, Petty France, Westminster, Victoria, City of Westminster, Greater London, England, SW1H 9AG, United Kingdom"
St Johns Wood,51.5343767,-0.1715802,"St Johns Wood Barbers, 10, St. Ann's Terrace, St. John's Wood, City of Westminster, Greater London, England, NW8 6PJ, United Kingdom"
St Pauls,51.4921729,-0.02419,"St Pauls (former), 269, Westferry Road, Millwall, Isle of Dogs, London Borough of Tower Hamlets, Greater London, England, E14 3RS, United Kingdom"
Stamford Brook,51.4949692,-0.2458881,"Stamford Brook, Wilson Walk, London Borough of Hounslow, Greater London, England, W6 0XS, United Kingdom"
Stamford Hill,51.5707092,-0.0690402,"Stamford Hill, London Borough of Hackney, Greater London, England, N16 6PQ, United Kingdom"
Stanmore,51.6188526,-0.3026271,"Stanmore, London Road, Stanmore, London Borough of Harrow, Greater London, England, HA7 4PD, United Kingdom"
Star Lane DLR,51.5211364,0.0045441,"DLR Star Lane, Manor Road, Canning Town, London Borough of Newham, Greater London, England, E16 4BJ, United Kingdom"
Stepney Green,51.5217026,-0.0467147,"Stepney Green, Mile End Road, Stepney, London Borough of Tower Hamlets, Greater London, England, E1 4DT, United Kingdom"
Stockwell,51.472211,-0.1225014,"Stockwell, Clapham Road, Stockwell Park, Stockwell, London Borough of Lambeth, Greater London, England, SW9 9BE, United Kingdom"
Stoke Newington,51.5578698,-0.0822482,"Stoke Newington, London Borough of Hackney, Greater London, England, N16 9JS, United Kingdom"
Stonebridge Park,51.5441099,-0.2762285,"Stonebridge Park, Argenta Way, London Borough of Brent, Greater London, England, NW10 0RW, United Kingdom"
Stratford,51.541289,-0.0035472,"Stratford, Meridian Square, Stratford, London Borough of Newham, Greater London, England, E15 1DA, United Kingdom"
Stratford High Street,51.5376469,-0.0001288,"Stratford High Street, Bridge Road, Stratford, London Borough of Newham, Greater London, England, E15 3FF, United Kingdom"
Stratford International,51.5447954,-0.0087494,"Stratford International, International Square, Stratford, London Borough of Newham, Greater London, England, E20 1EE, United Kingdom"
Sudbury Hill,51.5568815,-0.3362525,"Sudbury Hill, Greenford Road, Sudbury Hill, London Borough of Harrow, Greater London, England, HA1 3RA, United Kingdom"
Sudbury Town,51.5508247,-0.3156392,"Sudbury Town, Station Approach, Sudbury, London Borough of Brent, Greater London, England, HA0 2LA, United Kingdom"
Surrey Quays,51.4934207,-0.0478319,"Surrey Quays, Lower Road, Surrey Quays, Rotherhithe, London Borough of Southwark, Greater London, England, SE16 2UF, United Kingdom"
Swiss Cottage,51.543722,-0.174982,"Swiss Cottage, Finchley Road, Swiss Cottage, Belsize Park, London Borough of Camden, Greater London, England, NW3 6LS, United Kingdom"
Sydenham SR,,,
Taplow,51.4887234,-0.0868922,"Taplow, Thurlow Street, Walworth, London Borough of Southwark, Greater London, England, SE17 2SL, United Kingdom"
Temple,51.5109659,-0.1143345,"Temple, Victoria Embankment Gardens, St Clement Danes, City of Westminster, Greater London, England, WC2R 2PH, United Kingdom"
Theobalds Grove,,,
Theydon Bois,,,
Tooting Bec,51.4356228,-0.1597188,"Tooting Bec, Upper Tooting Road, Upper Tooting, Balham, London Borough of Wandsworth, Greater London, England, SW17 7TS, United Kingdom"
Tooting Broadway,51.4277387,-0.1682905,"Tooting Broadway, Tooting High Street, Furzedown, London Borough of Wandsworth, Greater London, England, SW17 0TA, United Kingdom"
Tottenham Court Road,51.515401,-0.1305917,"Tottenham Court Road, Goslett Yard, Soho, City of Westminster, Greater London, England, W1D 3BG, United Kingdom"
Tottenham Hale,51.588123,-0.0599442,"Tottenham Hale, Ferry Lane, Tottenham Hale, London Borough of Haringey, Greater London, England, N17 9NA, United Kingdom"
Totteridge & Whetstone,51.6307163,-0.1791837,"Totteridge & Whetstone, Totteridge Lane, Whetstone, London Borough of Barnet, Greater London, England, N20 9QP, United Kingdom"
Tower Gateway,51.5104965,-0.0747693,"Tower Gateway, Leadenhall Market, Aldgate, City of London, Greater London, England, EC3N 1JL, United Kingdom"
Tower Hill,51.5098481,-0.0766986,"Tower Hill, Trinity Place, East Smithfield, Tower Hill, Whitechapel, London Borough of Tower Hamlets, Greater London, England, EC3N 4DJ, United Kingdom"
Tufnell Park,51.5567447,-0.1381318,"Tufnell Park, Brecknock Road, Archway, London Borough of Islington, Greater London, England, N19 5BQ, United Kingdom"
Turkey Street,51.673233,-0.0469695,"Turkey Street, Teal Close, Enfield Wash, London Borough of Enfield, Greater London, England, EN3 5TL, United Kingdom"
Turnham Green,51.4953141,-0.2549771,"Turnham Green, Turnham Green Terrace, London Borough of Hounslow, Greater London, England, W4 1LR, United Kingdom"
Turnpike Lane,51.5901482,-0.1027442,"Turnpike Lane, 1, Green Lanes, Harringay, London Borough of Haringey, Greater London, England, N15 3LA, United Kingdom"
Twyford,51.5090934,-0.2782382,"Twyford Church of England High School, Twyford Crescent, London Borough of Ealing, Greater London, England, W3 9PP, United Kingdom"
Unknown,51.5063939,-0.1004454,"Monument to the Unknown Artist, Sumner Street, Bankside, Southwark, London Borough of Southwark, Greater London, England, SE1 9JZ, United Kingdom"
Upminster,51.5589708,0.2516815,"Upminster, Station Approach, Upminster, London Borough of Havering, Greater London, England, RM14 2TH, United Kingdom"
Upminster Bridge,51.5582655,0.2347689,"Upminster Bridge, Upminster Road, Upminster Bridge, Hornchurch, London Borough of Havering, Greater London, England, RM12 6PL, United Kingdom"
Upney,51.538266,0.099626,"Upney, Upney Lane, Thames View, Barking, Greater London, England, IG11 9LS, United Kingdom"
Upper Holloway,51.563474,-0.1296473,"Upper Holloway, Wedmore Gardens, Archway, London Borough of Islington, Greater London, England, N19 4SY, United Kingdom"
Upton Park,51.5351062,0.0339842,"Upton Park, Green Street, Upton Park, London Borough of Newham, Greater London, England, E13 9AP, United Kingdom"
Uxbridge,51.5449509,-0.4816672,"Uxbridge, Greater London, England, UB8 1SB, United Kingdom"
Vauxhall,51.4874834,-0.1229297,"Vauxhall, London Borough of Lambeth, Greater London, England, SE11 5AW, United Kingdom"
Victoria,51.4951127,-0.1441234,"Victoria Station, Wilton Road, Victoria, City of Westminster, Greater London, England, SW1V 1JU, United Kingdom"
W Silvertown,51.5028811,0.0223323,"West Silvertown, North Woolwich Road, Silvertown, London Borough of Newham, Greater London, England, E16 1TX, United Kingdom"
Walthamstow Central,51.582893,-0.0199941,"Walthamstow Central, Selborne Road, London Borough of Waltham Forest, Greater London, England, E17 7JP, United Kingdom"
Walthamstow Queens Road,51.578027,-0.0256333,"Walthamstow Coroners Court, Queens Road, Leyton, Walthamstow, Greater London, England, E17 8QP, United Kingdom"
Wandsworth Road,51.4699602,-0.1384355,"Wandsworth Road, Heswall Close, Clapham, London Borough of Lambeth, Greater London, England, SW4 6AA, United Kingdom"
Wanstead,51.5756739,0.0277989,"Wanstead, London Borough of Redbridge, Greater London, England, E11 2RJ, United Kingdom"
Wanstead Park,51.5517605,0.0260733,"Wanstead Park, Woodgrange Road, Forest Gate, London Borough of Newham, Greater London, England, E7 0HX, United Kingdom"
Wapping,51.5071316,-0.0620152,"Wapping, London Borough of Tower Hamlets, Greater London, England, E1W 2JX, United Kingdom"
Warren Street,51.5247178,-0.1385303,"Warren Street, Euston Road, Fitzrovia, London Borough of Camden, Greater London, England, W1T 5PE, United Kingdom"
Warwick Avenue,51.5229834,-0.1833083,"Warwick Avenue, Westbourne Green, Paddington, City of Westminster, Greater London, England, W9 2PT, United Kingdom"
Waterloo,51.5030015,-0.1139812,"Waterloo, Waterloo Social Sidings, South Bank, Waterloo, London Borough of Lambeth, Greater London, England, SE1 7NJ, United Kingdom"
Watford High Street,,,
Watford Junction,51.6893596,-0.419174,"Watford Junction, Studio Tour Drive, Warner Bros. Studios Leavesden, Abbots Langley, Leavesden, Three Rivers, Hertfordshire, England, WD25 7LP, United Kingdom"
Watford Met,,,
Wembley Central,51.5523278,-0.2966751,"Wembley Central, Wembley Central Square, Sudbury, London Borough of Brent, Greater London, England, HA9 7AJ, United Kingdom"
Wembley Park,51.5634786,-0.2796983,"Wembley Park, Bridge Road, London Borough of Brent, Greater London, England, HA9 9AA, United Kingdom"
West Acton,51.5183524,-0.280413,"West Acton, Saxon Drive, Park Royal, London Borough of Ealing, Greater London, England, W3 0NX, United Kingdom"
West Brompton,51.4869765,-0.1951854,"West Brompton, Old Brompton Road, Earl's Court, Royal Borough of Kensington and Chelsea, Greater London, England, SW5 9JU, United Kingdom"
West Croydon,51.378808,-0.1020387,"West Croydon, Station Road, Broad Green, London Borough of Croydon, Greater London, England, CR0 2TA, United Kingdom"
West Drayton,51.503513,-0.4662704,"West Drayton, London Borough of Hillingdon, Greater London, England, UB7 7GD, United Kingdom"
West Ealing,51.5135365,-0.3206893,"West Ealing, Manor Road, Hanwell, London Borough of Ealing, Greater London, England, W13 0LJ, United Kingdom"
West Finchley,51.6088451,-0.1946371,"West Finchley, London Borough of Barnet, Greater London, England, N3 1AH, United Kingdom"
West Ham,51.5280966,0.0045685,"West Ham, West Ham Footbridge, Mill Meads, West Ham, London Borough of Newham, Greater London, England, E15 3BN, United Kingdom"
West Hampstead,51.5468194,-0.1899646,"West Hampstead, Blackburn Road, West Hampstead, London Borough of Camden, Greater London, England, NW6 1RZ, United Kingdom"
West Hampstead LO,51.5509898,-0.1917279,"West Hampstead, London Borough of Camden, Greater London, England, NW6 1RB, United Kingdom"
West Harrow,51.5795991,-0.3531364,"West Harrow, The Gardens, Rayners Lane, London Borough of Harrow, Greater London, England, HA1 4FP, United Kingdom"
West India Quay,51.5067417,-0.0204833,"West India Quay, North Quay, Canary Wharf, London Borough of Tower Hamlets, Greater London, England, E14 4AY, United Kingdom"
West Kensington,51.4907023,-0.2059442,"West Kensington, West Cromwell Road, West Kensington, London Borough of Hammersmith and Fulham, Greater London, England, W14 8UQ, United Kingdom"
West Ruislip,51.5695047,-0.4370447,"West Ruislip, Station Parade, Ickenham, London Borough of Hillingdon, Greater London, England, HA4 7DP, United Kingdom"
Westbourne Park,51.5209265,-0.2014098,"Westbourne Park, Tavistock Crescent, Westbourne Green, Kensal Town, Maida Hill, City of Westminster, Greater London, England, W11 1AG, United Kingdom"
Westferry,51.5094025,-0.026644,"Westferry, Limehouse Causeway, Canary Wharf, London Borough of Tower Hamlets, Greater London, England, E14 8FU, United Kingdom"
Westminster,51.5004439,-0.1265398,"Westminster, Millbank, City of Westminster, Greater London, England, SW1P 3JX, United Kingdom"
White City,51.5116219,-0.2245282,"White City, Wood Lane, Shepherd's Bush, London Borough of Hammersmith and Fulham, Greater London, England, W12 7FA, United Kingdom"
White Hart Lane,51.604157,-0.0662604,"Tottenham Hotspur Stadium, Park Lane Square, London Borough of Haringey, Greater London, England, N17 0AP, United Kingdom"
Whitechapel,51.5174861,-0.0659685,"Whitechapel, London Borough of Tower Hamlets, Greater London, England, E1 1DT, United Kingdom"
Willesden Green,51.5493524,-0.222223,"Willesden Green, Station Parade, Mapesbury, London Borough of Brent, Greater London, England, NW2 4NX, United Kingdom"
Willesden Junction,51.5321956,-0.2435041,"Willesden Junction, Station Approach, Harlesden, London Borough of Brent, Greater London, England, NW10 4UY, United Kingdom"
Wimbledon,51.4214787,-0.2064027,"Wimbledon, Greater London, England, SW19 7NL, United Kingdom"
Wimbledon Park,51.4340563,-0.1990432,"Wimbledon Park, Arthur Road, Wimbledon Park, London Borough of Merton, Greater London, England, SW19 8AA, United Kingdom"
Wood Green,51.5972054,-0.1099585,"Wood Green, Greater London, England, N22 6DR, United Kingdom"
Wood Lane,51.5101068,-0.2237557,"Wood Lane, Fountain Park Way, Shepherd's Bush, London Borough of Hammersmith and Fulham, Greater London, England, W12 7SN, United Kingdom"
Wood Street,51.587041,-0.0016791,"Wood Street, Upper Walthamstow Road, Wood Street, Upper Walthamstow, London Borough of Waltham Forest, Greater London, England, E17 3NU, United Kingdom"
Woodford,51.6068074,0.0340219,"Woodford, Charteris Road, Woodford, London Borough of Redbridge, Greater London, England, IG8 0EA, United Kingdom"
Woodgrange Park,51.549168,0.0447283,"Woodgrange Park, Bluebell Avenue, Manor Park, London Borough of Newham, Greater London, England, E12 6UL, United Kingdom"
Woodside Park,51.617938,-0.185523,"Woodside Park, Station Approach, Woodside Park, London Borough of Barnet, Greater London, England, N12 7AX, United Kingdom"
Woolwich Arsenal DLR,51.4901052,0.0695827,"Woolwich Arsenal DLR, Taylor's Buildings, Callis Yard, Glyndon, Royal Borough of Greenwich, Greater London, England, SE18 6EU, United Kingdom"
Woolwich Arsenal NR,51.4956062,0.0708298,"Royal Arsenal Woolwich Pier, Royal Arsenal Riverside, Royal Borough of Greenwich, Greater London, England, SE18 6TL, United Kingdom"
Woolwich EL,,,
